600000000,900000000,6251321534,0,1270519,0.0001116,0.0006342,0.003872,0.0002861,0.0006723,0.0006351,1.907e-06,0,0.001873,0.0004997,2.771,0.01083,0,0,0.0001736
600000000,900000000,6251321534,1,8053586,0.0001192,0.000577,0.00388,0.0002861,0.0006714,0.0005779,0,0,0.002926,0,2.842,0.009629,0,0,3.242e-05
600000000,900000000,6251321534,2,908056,0.0001059,0.0005579,0.00388,5.722e-06,0.000392,0.0005598,2.861e-06,0,0.002857,0.0007143,2.462,0.00845,0,0,9.632e-05
600000000,900000000,6251321534,3,257338229,0.0001135,0.0005941,0.003872,0.0002861,0.0006723,0.0005951,0,0,0.002827,7.153e-05,2.555,0.008914,0,0,6.294e-05
600000000,900000000,6251321534,4,711245,0.0001135,0.0005722,0.00388,0.0002861,0.0006723,0.0005741,0,0,0.003201,7.153e-05,2.843,0.01055,0,0,3.147e-05
600000000,900000000,6251321534,5,3298619889,0.0001087,0.000598,0.003864,0.0002937,0.000679,0.0006027,0,0,0.003872,7.153e-05,2.809,0.01046,0,0,0.0002222
600000000,900000000,6251321534,6,294880110,9.918e-05,0.0006742,0.003773,0.0002851,0.0006714,0.0006752,0,0,0.002628,0,2.194,0.00845,0,0,0.0006752
600000000,900000000,6251321534,7,351638129,0.0001326,0.0005722,0.003876,0.0002861,0.0006723,0.0005779,0,0,0.003006,7.153e-05,2.963,0.01091,0,0,2.861e-05
600000000,900000000,6251321534,8,6566813,0.0001373,0.0006027,0.003868,0.0002918,0.0006771,0.0006065,0,0,0.003845,0,3.003,0.01043,0,0,0.0002546
600000000,900000000,6251321534,9,4820029853,0.0001287,0.0006742,0.003876,7.343e-05,0.0004597,0.0006752,0,0,0.004295,0,2.779,,0,0,5.722e-05
600000000,900000000,6251321534,10,2596544968,0.0001011,0.0005655,0.00388,0.000288,0.0006742,0.0005665,9.537e-07,0,0.002872,7.153e-05,2.459,0.008564,0,0,5.913e-05
600000000,900000000,6251321534,84,4820212398,0.0001221,0.0006723,0.00388,0.000782,0.001167,0.0006742,0,0.0001612,0.000906,7.153e-05,2.434,,0,0,4.292e-05
600000000,900000000,6251321534,86,4820108985,0.0001173,0.0006647,0.003887,0.0004797,0.0008659,0.0006666,0,4.768e-05,0.003235,0,2.454,,0,0,0.0002909
600000000,900000000,6251321534,179,4820429618,0.0001202,0.0006142,0.003876,0.0003204,0.0007067,0.0006189,0,0.0002394,0.003323,7.153e-05,2.826,,0,0,0.002888
600000000,900000000,6251321534,185,4820094424,0.04095,0.004967,0.006744,0.001165,0.001419,0.005196,0.007904,7.629e-05,0.1183,0.03577,1.241,,0,0,0.03894
600000000,900000000,6251321534,199,257335555,0.01758,0.004478,0.006187,0.001379,0.00145,0.004799,0.002636,8.678e-05,0.03375,0.05035,1.338,0.001099,0,0,0.01302
600000000,900000000,6251321534,318,4820059312,0.000124,0.0006227,0.00388,0.0005369,0.0009232,0.0006266,0,0.0001621,0.003178,0,2.635,,0,0,3.624e-05
900000000,1200000000,6251321534,0,1270519,0.0001116,0.0006323,0.003872,0.0002861,0.0006723,0.0006332,0,0,0.003582,0,2.739,0.01063,0,0,5.245e-05
900000000,1200000000,6251321534,1,8053586,0.0001135,0.0005789,0.00388,0.0002861,0.0006714,0.0005817,2.861e-06,0,0.00296,0.0005713,3.341,0.01228,0,0,6.676e-06
900000000,1200000000,6251321534,2,908056,0.0001059,0.0005598,0.00388,6.676e-06,0.000392,0.0005617,9.537e-07,0,0.002571,7.153e-05,2.466,0.008704,0,0,6.104e-05
900000000,1200000000,6251321534,3,257338229,0.0001183,0.000597,0.003872,0.0002871,0.0006723,0.0006008,9.537e-07,0,0.00322,0.0001431,2.872,0.0109,0,0,0.002899
900000000,1200000000,6251321534,4,711245,0.0001125,0.0005732,0.00388,0.0002871,0.0006723,0.000576,0,0,0.003628,0.0001431,2.644,0.009441,0,0,4.578e-05
900000000,1200000000,6251321534,5,3298619889,0.0001097,0.0005999,0.003864,0.0002928,0.000679,0.0006027,0,0,0.003155,0.0001431,2.476,0.008772,0,0,6.199e-05
900000000,1200000000,6251321534,6,294880110,0.000102,0.0006762,0.003773,0.0002851,0.0006714,0.0006771,0,0,0.002605,0.0001431,2.536,0.01009,0,0,3.815e-05
900000000,1200000000,6251321534,7,351638129,0.0001316,0.0005693,0.003876,0.0002861,0.0006723,0.0005722,1.907e-06,0,0.003532,0.0007143,2.681,0.009656,0,0,9.537e-05
900000000,1200000000,6251321534,8,6566813,0.0001345,0.0006046,0.003868,0.0002918,0.0006771,0.0006065,0,0,0.003437,7.153e-05,2.793,0.009162,0,0,1.526e-05
900000000,1200000000,6251321534,9,4820029853,0.0001297,0.0006752,0.003876,7.439e-05,0.0004606,0.0006781,9.537e-07,0,0.0009861,0.0002861,2.991,,0,0,3.433e-05
900000000,1200000000,6251321534,10,2596544968,0.0001173,0.0005655,0.00388,0.000288,0.0006742,0.0005674,0,0,0.003624,7.153e-05,2.785,0.01006,0,0,0.0002499
900000000,1200000000,6251321534,84,4820212398,0.000124,0.0006742,0.00388,0.000782,0.001167,0.0006781,9.537e-07,0.0001612,0.003262,0.0001431,2.471,,0,0,6.294e-05
900000000,1200000000,6251321534,86,4820108985,0.0001154,0.0006647,0.003887,0.0004797,0.0008659,0.0006657,0,4.768e-05,0.003071,7.153e-05,2.832,,0,0,1.049e-05
900000000,1200000000,6251321534,179,4820429618,0.0001192,0.0006142,0.003876,0.0003214,0.0007076,0.0006151,9.537e-07,0.0002394,0.003216,7.153e-05,2.474,,0,0,9.823e-05
900000000,1200000000,6251321534,185,4820094424,0.04065,0.005074,0.006882,0.001062,0.00131,0.005234,0.008469,7.915e-05,0.0885,0.03912,1.231,,0,0,0.05212
900000000,1200000000,6251321534,199,257335555,0.01718,0.004524,0.006195,0.001371,0.001442,0.004837,0.002232,8.774e-05,0.02692,0.02908,1.39,0.001163,0,0,0.02042
900000000,1200000000,6251321534,318,4820059312,0.0001221,0.0006256,0.00388,0.0005369,0.0009232,0.0006294,9.537e-07,0.0001621,0.002804,0.0002146,2.889,,0,0,2.003e-05
1200000000,1500000000,6251321534,0,1270519,0.0001097,0.0006332,0.003872,0.0002861,0.0006723,0.0006342,0,0,0.003174,7.153e-05,2.406,0.008878,0,0,5.627e-05
1200000000,1500000000,6251321534,1,8053586,0.0001125,0.0005779,0.00388,0.0002861,0.0006714,0.0005798,0,0,0.002796,7.153e-05,2.812,0.009893,0,0,0.0003109
1200000000,1500000000,6251321534,2,908056,0.0001106,0.0005579,0.00388,6.676e-06,0.000392,0.0005598,0,0,0.002708,0,2.295,0.007629,0,0,2.766e-05
1200000000,1500000000,6251321534,3,257338229,0.0001183,0.0005951,0.003872,0.0002871,0.0006723,0.000598,0,0,0.003414,7.153e-05,2.822,0.01042,0,0,0.000102
1200000000,1500000000,6251321534,4,711245,0.0001163,0.0005713,0.00388,0.0002871,0.0006723,0.0005722,0,0,0.003109,0,2.855,0.01028,0,0,0.000514
1200000000,1500000000,6251321534,5,3298619889,0.0001097,0.0005989,0.003864,0.0002928,0.000679,0.0006008,0,0,0.0007238,7.153e-05,2.501,0.009025,0,0,3.624e-05
1200000000,1500000000,6251321534,6,294880110,0.0001011,0.0006742,0.003773,0.0002851,0.0006714,0.0006752,0,0,0.00304,0,2.321,0.008437,0,0,1.431e-05
1200000000,1500000000,6251321534,7,351638129,0.0001345,0.0005703,0.00388,0.0002871,0.0006723,0.0005722,0,0,0.003326,0,2.591,0.008773,0,0,2.384e-05
1200000000,1500000000,6251321534,8,6566813,0.0001287,0.0006037,0.003868,0.0002918,0.0006771,0.0006046,0,0,0.002934,7.153e-05,2.964,0.01004,0,0,7.153e-05
1200000000,1500000000,6251321534,9,4820029853,0.0001326,0.0006742,0.003876,7.534e-05,0.0004606,0.0006762,0,0,0.003998,0,3.628,,0,0,0.0001287
1200000000,1500000000,6251321534,10,2596544968,0.0001087,0.0005684,0.00388,0.000288,0.0006742,0.0005713,3.815e-06,0,0.002991,0.0009995,2.431,0.008126,0,0,0.0002041
1200000000,1500000000,6251321534,84,4820212398,0.000124,0.0006742,0.00388,0.000782,0.001167,0.0006771,0,0.0001612,0.003223,7.153e-05,2.415,,0,0,0.0006733
1200000000,1474000000,6251321534,86,4820108985,0.0001154,0.0006618,0.003887,0.0004797,0.0008659,0.0006628,0,4.768e-05,0.002975,0,2.674,,0,0,2.861e-05
1200000000,1500000000,6251321534,179,4820429618,0.0001221,0.0006113,0.003876,0.0003223,0.0007086,0.0006132,0,0.0002394,0.00325,0,2.858,,0,0,0.0003366
1200000000,1500000000,6251321534,185,4820094424,0.04028,0.005058,0.006905,0.001083,0.001308,0.005188,0.008621,8.202e-05,0.09387,0.03937,1.231,,0,0,0.03473
1200000000,1500000000,6251321534,199,257335555,0.01733,0.004486,0.006058,0.001287,0.001358,0.004929,0.002632,8.869e-05,0.03369,0.02628,1.419,0.001353,0,0,0.01648
1200000000,1500000000,6251321534,318,4820059312,0.0001345,0.0006256,0.00388,0.0005369,0.0009232,0.0006275,0,0.0001621,0.002987,7.153e-05,2.722,,0,0,0.002987
1474000000,1481000000,6251321534,86,4820108985,0.0001087,0.0006618,0.003883,0.0005903,0.0008669,0.0006628,0.0006628,4.768e-05,0.0004473,0.002285,2.317,,0,0,0.0004473
1481000000,1491000000,6251321534,86,4820108985,0.001116,5.054e-05,0,0,0,0.0002546,0.0002098,4.768e-05,0.005577,0.00293,1.341,,0,0,1.24e-05
1491000000,1500000000,6251321534,86,4820108985,0,0,0,0,0,0,0,4.292e-05,0,0,1.296,,0,0,0
1498000000,1500000000,6251321534,11,2540203,0,8.488e-05,0.003883,3.719e-05,3.91e-05,0.0001707,0.01816,0,0,0.03632,,,0,0,0
1500000000,1800000000,6251321534,0,1270519,0.0001125,0.0006304,0.003872,0.0002861,0.0006723,0.0006323,0,0,0.002865,0,2.719,0.01021,0,0,5.245e-05
1500000000,1800000000,6251321534,1,8053586,0.0001001,0.0005789,0.00388,0.0002851,0.0006714,0.0005798,0,0,0.002666,7.153e-05,2.353,0.008562,0,0,7.82e-05
1500000000,1517000000,6251321534,2,908056,0.0001516,0.0005598,0.003876,6.676e-06,0.000392,0.0005608,0.0005503,0,0.002857,0.004646,2.372,0.007798,0,0,1.907e-06
1500000000,1800000000,6251321534,3,257338229,0.0001249,0.000596,0.003872,0.0002871,0.0006723,0.000597,0,0,0.001005,7.153e-05,2.939,0.01077,0,0,7.248e-05
1500000000,1517000000,6251321534,4,711245,0.0001221,0.0005722,0.00388,0.000309,0.0006723,0.0005722,5.054e-05,0,0.0009937,0.0005713,2.473,0.008781,0,0,0.0001669
1500000000,1537000000,6251321534,5,3298619889,0.0001221,0.000598,0.003864,0.0003033,0.000679,0.0005989,5.722e-06,0,0.0007286,0.0001431,2.606,0.009176,0,0,0.0001068
1500000000,1800000000,6251321534,6,294880110,0.0001011,0.0006742,0.003773,0.0002851,0.0006714,0.0006762,0,0,0.002811,7.153e-05,2.292,0.008499,0,0,8.202e-05
1500000000,1800000000,6251321534,7,351638129,0.0001202,0.0005713,0.00388,0.0002871,0.0006723,0.000577,2.861e-06,0,0.003342,0.0006428,2.85,0.01039,0,0,4.959e-05
1500000000,1800000000,6251321534,8,6566813,0.0001287,0.0006075,0.003868,0.0002918,0.0006771,0.0006123,9.537e-07,0,0.003815,0.0001431,2.587,0.008627,0,0,9.918e-05
1500000000,1800000000,6251321534,9,4820029853,0.0001345,0.0006742,0.003876,7.534e-05,0.0004606,0.0006771,0,0,0.003437,7.153e-05,2.769,,0,0,0.0001287
1500000000,1800000000,6251321534,10,2596544968,0.0001125,0.0005655,0.00388,0.000288,0.0006742,0.0005693,0,0,0.002823,0,3.283,0.01262,0,0,0.0001144
1500000000,1800000000,6251321534,11,2540203,0.0002089,0.000865,0.00388,0.0002899,0.0006714,0.001244,0.0004644,0,0.01489,0.05414,2.46,0.009075,0,0,0.0002794
1500000000,1800000000,6251321534,84,4820212398,0.0001221,0.0006742,0.00388,0.000782,0.001167,0.0006762,0,0.0001612,0.003475,0,2.433,,0,0,4.482e-05
1500000000,1501000000,6251321534,86,4820108985,0,0,0,0,0,0,0,9.537e-07,0,0,1.296,,0,0,0
1500000000,1800000000,6251321534,179,4820429618,0.0001192,0.0006113,0.003876,0.0003223,0.0007086,0.0006142,9.537e-07,0.0002394,0.003048,0.0001431,2.811,,0,0,0.0002346
1500000000,1800000000,6251321534,185,4820094424,0.03931,0.00518,0.006538,0.0009584,0.001171,0.00544,0.00972,8.488e-05,0.09595,0.04022,1.224,,0,0,0.03558
1500000000,1800000000,6251321534,199,257335555,0.01932,0.004509,0.00631,0.001371,0.001442,0.004967,0.003288,8.965e-05,0.03442,0.03247,1.392,0.001131,0,0,0.02026
1500000000,1800000000,6251321534,318,4820059312,0.0001307,0.0006247,0.00388,0.0005369,0.0009232,0.0006266,0,0.0001621,0.003067,7.153e-05,2.649,,0,0,3.052e-05
1501000000,1800000000,6251321534,86,1436501926,0.0002756,0.0008583,0.003872,0.000289,0.0006666,0.001234,0.0006018,0,0.01993,0.05341,2.836,0.009166,0,0,5.627e-05
1507000000,1800000000,6251321534,12,16917224,0.0002079,0.0009165,0.003872,0.0002995,0.0006809,0.001282,0.0006685,0,0.0318,0.06738,1.266,0.002038,0,0,2.861e-05
1517000000,1533000000,6251321534,2,908056,0.0001059,6.676e-06,0,0,0,0.0001135,0,0,0.00169,0,2.372,0.007798,0,0,0
1517000000,1534000000,6251321534,4,711245,9.823e-05,0,0,0,0,0,1.24e-05,0,0.001671,0.0002146,2.473,0.008781,0,0,0
1523000000,1800000000,6251321534,13,7781389,0.0002089,0.0008974,0.003872,0.000289,0.0006676,0.001244,0.0006952,0,0.01941,0.04614,1.406,0.003316,0,0,0.0001001
1533000000,1534000000,6251321534,2,908056,0,0,0,0,0,0,0,0,0,0,2.372,0.007798,0,0,0
1534000000,1535000000,6251321534,4,711245,0,0,0,0,0,0,0,0,0,0,2.473,0.008781,0,0,0
1537000000,1553000000,6251321534,5,3298619889,8.774e-05,0,0,0,0,0,8.583e-06,0,0.001411,0.0001431,2.606,0.009176,0,0,0
1553000000,1554000000,6251321534,5,3298619889,0,0,0,0,0,0,0,0,0,0,2.606,0.009176,0,0,0
1800000000,2100000000,6251321534,0,1270519,0.0001106,0.0006304,0.003872,0.0002861,0.0006723,0.0006323,0,0,0.00272,7.153e-05,2.729,0.01058,0,0,4.101e-05
1800000000,2100000000,6251321534,1,8053586,9.823e-05,0.000577,0.00388,0.0002851,0.0006714,0.0005789,0,0,0.003132,0,2.266,0.00854,0,0,4.482e-05
1800000000,2100000000,6251321534,3,257338229,0.0001259,0.000597,0.003872,0.0002871,0.0006723,0.0005989,0,0,0.003483,7.153e-05,2.6,0.009017,0,0,0.0001764
1800000000,2100000000,6251321534,6,294880110,0.0001049,0.0006742,0.003773,0.0002851,0.0006714,0.0006781,0,0,0.00322,0.0001431,2.318,0.008583,0,0,3.529e-05
1800000000,2100000000,6251321534,7,351638129,0.000123,0.0005732,0.00388,0.0002871,0.0006723,0.000577,9.537e-07,0,0.003403,7.153e-05,2.527,0.009151,0,0,0.0007467
1800000000,2100000000,6251321534,8,6566813,0.0001335,0.0006046,0.003868,0.0002918,0.0006771,0.0006142,0,0,0.003815,0,2.726,0.008942,0,0,0.0006628
1800000000,2100000000,6251321534,9,4820029853,0.0001278,0.0006752,0.003876,7.534e-05,0.0004606,0.0006771,0,0,0.003075,0,2.72,,0,0,0.0001135
1800000000,2100000000,6251321534,10,2596544968,0.0001125,0.0005665,0.00388,0.000289,0.0006742,0.0005674,0,0,0.002384,7.153e-05,2.513,0.008179,0,0,0.0002432
1800000000,2100000000,6251321534,11,2540203,0.0001059,0.0006018,0.00388,0.000289,0.0006733,0.0006037,9.537e-07,0,0.002911,7.153e-05,2.43,0.009022,0,0,6.58e-05
1800000000,2100000000,6251321534,12,16917224,0.0001116,0.0006504,0.003872,0.0003004,0.0006847,0.0006533,4.768e-06,0,0.003403,0.001072,2.286,0.00842,0,0,7.439e-05
1800000000,2100000000,6251321534,13,7781389,0.0001202,0.0006123,0.003872,0.0002918,0.0006752,0.0006161,0,0,0.003254,7.153e-05,3.249,0.01269,0,0,4.768e-05
1800000000,2100000000,6251321534,84,4820212398,0.0001202,0.0006733,0.00388,0.000782,0.001167,0.0006752,0,0.0001612,0.003029,7.153e-05,2.857,,0,0,0.0001068
1800000000,2100000000,6251321534,86,1436501926,0.0001392,0.0005951,0.003872,0.0002909,0.0006742,0.0006008,0,0,0.003201,7.153e-05,3.111,0.011,0,0,3.052e-05
1800000000,2100000000,6251321534,179,4820429618,0.0001202,0.0006113,0.003876,0.0003242,0.0007095,0.0006142,0,0.0002394,0.00304,0,2.744,,0,0,0.0003662
1800000000,2100000000,6251321534,185,4820094424,0.03979,0.00528,0.006577,0.0008602,0.001066,0.00547,0.009628,8.774e-05,0.08069,0.03772,1.241,,0,0,0.04199
1800000000,2100000000,6251321534,199,257335555,0.02014,0.00486,0.006721,0.001152,0.001225,0.005295,0.003761,9.06e-05,0.03137,0.04108,1.363,0.0009792,0,0,0.02234
1800000000,2100000000,6251321534,318,4820059312,0.0001183,0.0006237,0.00388,0.0005369,0.0009232,0.0006237,0,0.0001621,0.003391,0,2.403,,0,0,3.529e-05
2100000000,2400000000,6251321534,0,1270519,0.0001135,0.0006247,0.003872,0.0002861,0.0006723,0.0006304,0,0,0.00301,0,2.456,0.009048,0,0,7.534e-05
2100000000,2400000000,6251321534,1,8053586,0.0001001,0.0005779,0.00388,0.0002851,0.0006714,0.0005798,9.537e-07,0,0.0007944,0.0001431,2.23,0.008173,0,0,2.48e-05
2100000000,2400000000,6251321534,3,257338229,0.0001316,0.0005989,0.003872,0.0002871,0.0006723,0.0005999,0,0,0.004532,7.153e-05,2.632,0.008926,0,0,0.001572
2100000000,2400000000,6251321534,6,294880110,0.000103,0.0006742,0.003773,0.0002851,0.0006714,0.0006752,0,0,0.003323,7.153e-05,2.346,0.008592,0,0,7.629e-06
2100000000,2400000000,6251321534,7,351638129,0.0001268,0.0005713,0.00388,0.0002871,0.0006723,0.0005741,0,0,0.003433,7.153e-05,2.444,0.008514,0,0,0.0001144
2100000000,2400000000,6251321534,8,6566813,0.0001373,0.0006046,0.003868,0.0002918,0.0006771,0.0006084,9.537e-07,0,0.004097,0.0001431,3.153,0.0108,0,0,6.676e-06
2100000000,2400000000,6251321534,9,4820029853,0.0001307,0.0006762,0.003876,7.534e-05,0.0004606,0.000679,2.861e-06,0,0.003139,0.0005713,2.77,,0,0,3.719e-05
2100000000,2400000000,6251321534,10,2596544968,0.000104,0.0005674,0.00388,0.000289,0.0006742,0.0005693,0,0,0.00325,7.153e-05,2.354,0.007718,0,0,0.000658
2100000000,2400000000,6251321534,11,2540203,0.0001125,0.0006056,0.00388,0.0002861,0.0006723,0.0006142,0,0,0.0033,0.0001431,2.422,0.008788,0,0,0.0002918
2100000000,2400000000,6251321534,12,16917224,0.0001183,0.0006561,0.003872,0.0002985,0.0006847,0.0006638,9.537e-07,0,0.002842,0.0001431,2.67,0.01009,0,0,2.003e-05
2100000000,2400000000,6251321534,13,7781389,0.0001278,0.0006151,0.003872,0.0002909,0.0006752,0.0006218,1.907e-06,0,0.004173,0.0004997,2.496,0.008719,0,0,0.0001278
2100000000,2400000000,6251321534,84,4820212398,0.0001221,0.0006723,0.00388,0.000782,0.001167,0.0006733,0,0.0001612,0.000865,0,2.677,,0,0,0.000329
2100000000,2400000000,6251321534,86,1436501926,0.0001392,0.000597,0.003872,0.0002899,0.0006742,0.0006027,3.815e-06,0,0.003658,0.0004997,3.146,0.0109,0,0,9.06e-05
2100000000,2400000000,6251321534,179,4820429618,0.0001163,0.0006113,0.003876,0.0003252,0.0007105,0.0006161,0,0.0002394,0.003262,7.153e-05,2.868,,0,0,9.632e-05
2100000000,2400000000,6251321534,185,4820094424,0.03802,0.005333,0.006645,0.000844,0.0009995,0.005547,0.009888,9.06e-05,0.08167,0.03961,1.22,,0,0,0.04828
2100000000,2400000000,6251321534,199,257335555,0.02225,0.004959,0.006371,0.001078,0.00115,0.005188,0.004623,9.251e-05,0.05267,0.03864,1.304,0.0007402,0,0,0.02472
2100000000,2400000000,6251321534,318,4820059312,0.000123,0.0006247,0.00388,0.0005369,0.0009232,0.0006275,9.537e-07,0.0001621,0.002991,0.0002146,3.287,,0,0,6.104e-05
2400000000,2700000000,6251321534,0,1270519,0.0001106,0.0006247,0.003872,0.0002861,0.0006723,0.0006266,0,0,0.003056,7.153e-05,2.38,0.008677,0,0,5.722e-06
2400000000,2700000000,6251321534,1,8053586,0.0001078,0.0005751,0.00388,0.0002851,0.0006714,0.000576,0,0,0.003353,0,2.41,0.008297,0,0,3.052e-05
2400000000,2700000000,6251321534,3,257338229,0.0001278,0.000598,0.003872,0.0002871,0.0006723,0.0006008,0,0,0.003311,7.153e-05,3.534,0.01331,0,0,0.0002804
2400000000,2700000000,6251321534,6,294880110,0.000102,0.0006733,0.003773,0.0002851,0.0006714,0.0006733,0,0,0.003006,0,2.358,0.008698,0,0,4.482e-05
2400000000,2700000000,6251321534,7,351638129,0.0001202,0.0005703,0.00388,0.0002871,0.0006723,0.0005732,0,0,0.002861,7.153e-05,2.794,0.01054,0,0,1.144e-05
2400000000,2700000000,6251321534,8,6566813,0.0001307,0.0006056,0.003868,0.0002918,0.0006771,0.0006075,9.537e-07,0,0.003883,0.0002146,3.12,0.01089,0,0,0.003883
2400000000,2700000000,6251321534,9,4820029853,0.0001326,0.0006752,0.003876,7.534e-05,0.0004616,0.000679,0,0,0.003189,7.153e-05,2.816,,0,0,3.815e-06
2400000000,2700000000,6251321534,10,2596544968,0.0001011,0.0005674,0.00388,0.000289,0.0006742,0.0005684,0,0,0.002884,7.153e-05,2.454,0.008584,0,0,0.0001078
2400000000,2700000000,6251321534,11,2540203,0.0001202,0.000596,0.00388,0.0002861,0.0006723,0.000597,0,0,0.003437,0,2.878,0.01034,0,0,5.341e-05
2400000000,2700000000,6251321534,12,16917224,0.0001211,0.0006504,0.003872,0.0002975,0.0006828,0.0006514,0,0,0.003815,0,2.505,0.008643,0,0,2.384e-05
2400000000,2700000000,6251321534,13,7781389,0.0001259,0.0006094,0.003872,0.0002899,0.0006752,0.0006113,9.537e-07,0,0.00359,0.0002861,2.978,0.01054,0,0,6.294e-05
2400000000,2700000000,6251321534,84,4820212398,0.000123,0.0006733,0.00388,0.000782,0.001167,0.0006762,9.537e-07,0.0001612,0.003021,0.0001431,2.683,,0,0,7.82e-05
2400000000,2700000000,6251321534,86,1436501926,0.0001421,0.0005903,0.003872,0.000289,0.0006742,0.0005922,0,0,0.004753,0,2.828,0.009274,0,0,1.526e-05
2400000000,2700000000,6251321534,179,4820429618,0.0001173,0.0006132,0.003876,0.0003252,0.0007114,0.000617,0,0.0002394,0.003242,7.153e-05,2.858,,0,0,5.341e-05
2400000000,2700000000,6251321534,185,4820094424,0.03973,0.005409,0.006714,0.0008354,0.0009508,0.005562,0.009491,9.346e-05,0.09607,0.04828,1.221,,0,0,0.05493
2400000000,2700000000,6251321534,199,257335555,0.02151,0.005096,0.006538,0.0009613,0.001032,0.005386,0.005318,9.346e-05,0.0495,0.03857,1.202,0.0004271,0,0,0.02426
2400000000,2700000000,6251321534,318,4820059312,0.0001211,0.0006227,0.00388,0.0005369,0.0009232,0.0006227,0,0.0001621,0.003098,0,2.968,,0,0,1.24e-05
2700000000,3000000000,6251321534,0,1270519,0.0001106,0.0006237,0.003872,0.0002861,0.0006723,0.0006266,0,0,0.00285,0,2.692,0.01041,0,0,2.193e-05
2700000000,3000000000,6251321534,1,8053586,0.0001087,0.000577,0.00388,0.0002851,0.0006714,0.0005798,0,0,0.003101,7.153e-05,3.172,0.0121,0,0,0.0002403
2700000000,3000000000,6251321534,3,257338229,0.0001192,0.000598,0.003872,0.0002871,0.0006723,0.0005989,0,0,0.003021,7.153e-05,2.914,0.01072,0,0,2.766e-05
2700000000,3000000000,6251321534,6,294880110,9.823e-05,0.0006733,0.003773,0.0002851,0.0006714,0.0006742,0,0,0.002895,7.153e-05,2.166,0.008092,0,0,3.719e-05
2700000000,3000000000,6251321534,7,351638129,0.0001307,0.0005693,0.00388,0.0002871,0.0006723,0.0005713,0,0,0.00388,7.153e-05,2.637,0.009202,0,0,6.008e-05
2700000000,3000000000,6251321534,8,6566813,0.0001383,0.0006046,0.003868,0.0002918,0.0006771,0.0006065,0,0,0.003819,7.153e-05,2.7,0.008849,0,0,3.624e-05
2700000000,3000000000,6251321534,9,4820029853,0.0001316,0.0006752,0.003876,7.534e-05,0.0004616,0.0006828,0,0,0.003277,7.153e-05,2.786,,0,0,1.24e-05
2700000000,3000000000,6251321534,10,2596544968,0.0001144,0.0005665,0.00388,0.000289,0.0006742,0.0005665,0,0,0.004173,0,3.309,0.01164,0,0,5.054e-05
2700000000,3000000000,6251321534,11,2540203,0.000124,0.000596,0.00388,0.0002861,0.0006723,0.000597,9.537e-07,0,0.002789,0.0001431,3.024,0.01069,0,0,2.861e-05
2700000000,3000000000,6251321534,12,16917224,0.0001221,0.0006514,0.003872,0.0002947,0.0006809,0.0006542,9.537e-07,0,0.003437,0.0001431,2.684,0.009375,0,0,2.48e-05
2700000000,3000000000,6251321534,13,7781389,0.0001297,0.0006094,0.003872,0.0002899,0.0006762,0.0006123,5.722e-06,0,0.004471,0.001642,2.591,0.008841,0,0,0.0005569
2700000000,3000000000,6251321534,84,4820212398,0.0001211,0.0006714,0.00388,0.000782,0.001167,0.0006742,0,0.0001612,0.004005,0,2.81,,0,0,4.768e-06
2700000000,3000000000,6251321534,86,1436501926,0.0001497,0.0005903,0.003872,0.000289,0.0006742,0.0005922,0,0,0.004646,7.153e-05,3.269,0.01113,0,0,4.673e-05
2700000000,3000000000,6251321534,179,4820429618,0.0001192,0.0006132,0.003876,0.0003271,0.0007133,0.0006161,0,0.0002394,0.001019,7.153e-05,2.557,,0,0,2.48e-05
2700000000,3000000000,6251321534,185,4820094424,0.03894,0.005447,0.006744,0.0008364,0.0009165,0.005653,0.009277,9.727e-05,0.1382,0.0437,1.237,,0,0,0.05048
2700000000,3000000000,6251321534,199,257335555,0.0206,0.005035,0.006325,0.0009995,0.001068,0.005219,0.004875,9.537e-05,0.05725,0.03864,1.193,0.000426,0,0,0.02957
2700000000,3000000000,6251321534,318,4820059312,0.0001202,0.0006227,0.00388,0.0004768,0.0008631,0.0006247,0,0.0001621,0.003674,7.153e-05,2.434,,0,0,0.0004702
3000000000,3300000000,6251321534,0,1270519,0.0001144,0.0006256,0.003872,0.0002861,0.0006723,0.0006266,1.907e-06,0,0.002831,0.0005713,3.258,0.01348,0,0,6.104e-05
3000000000,3300000000,6251321534,1,8053586,0.0001049,0.000576,0.00388,0.0002851,0.0006714,0.0005779,0,0,0.002758,7.153e-05,2.617,0.009599,0,0,0.0001221
3000000000,3300000000,6251321534,3,257338229,0.0001173,0.000598,0.003872,0.0002871,0.0006723,0.0005999,0,0,0.003082,7.153e-05,2.558,0.008718,0,0,3.624e-05
3000000000,3300000000,6251321534,6,294880110,0.000104,0.0006733,0.003773,0.0002851,0.0006714,0.0006752,0,0,0.003632,7.153e-05,2.609,0.01022,0,0,5.722e-06
3000000000,3300000000,6251321534,7,351638129,0.0001307,0.0005693,0.00388,0.0002871,0.0006723,0.0005722,0,0,0.002911,7.153e-05,2.961,0.01086,0,0,4.292e-05
3000000000,3300000000,6251321534,8,6566813,0.0001392,0.0006065,0.003868,0.0002918,0.0006771,0.0006084,0,0,0.02341,7.153e-05,2.771,0.009067,0,0,0.0007114
3000000000,3300000000,6251321534,9,4820029853,0.0001392,0.0007668,0.003876,0.000226,0.0006123,0.0008039,0,0,0.003181,0,3.221,,0,0,0.0001202
3000000000,3300000000,6251321534,10,2596544968,0.0001116,0.0005684,0.00388,0.000289,0.0006742,0.0005703,9.537e-07,0,0.00309,7.153e-05,3.653,0.01326,0,0,4.482e-05
3000000000,3300000000,6251321534,11,2540203,0.0001192,0.0005932,0.00388,0.0002861,0.0006723,0.0005951,2.861e-06,0,0.003296,0.0006428,2.613,0.008974,0,0,2.289e-05
3000000000,3300000000,6251321534,12,16917224,0.0001192,0.0006475,0.003872,0.0002947,0.0006809,0.0006495,0,0,0.003338,0,2.814,0.009991,0,0,0.0001001
3000000000,3300000000,6251321534,13,7781389,0.0001097,0.0006075,0.003872,0.0002899,0.0006762,0.0006094,0,0,0.002735,0,2.503,0.008402,0,0,4.196e-05
3000000000,3300000000,6251321534,84,4820212398,0.0001211,0.0006733,0.00388,0.000782,0.001167,0.0006752,5.722e-06,0.0001612,0.003216,0.0009995,2.51,,0,0,0.0001831
3000000000,3300000000,6251321534,86,1436501926,0.0001469,0.0005903,0.003872,0.000289,0.0006742,0.0005922,0,0,0.001097,7.153e-05,3.191,0.01101,0,0,2.384e-05
3000000000,3300000000,6251321534,179,4820429618,0.0001192,0.0006123,0.003876,0.0003281,0.0007143,0.0006151,0,0.0002394,0.0006561,0,2.832,,0,0,8.011e-05
3000000000,3300000000,6251321534,185,4820094424,0.04193,0.00502,0.006378,0.001257,0.001318,0.005371,0.00766,0.0001001,0.1154,0.04224,1.251,,0,0,0.03577
3000000000,3300000000,6251321534,199,257335555,0.02588,0.00515,0.007591,0.0009823,0.001043,0.005447,0.005661,9.632e-05,0.04785,0.04279,1.206,0.0004067,0,0,0.02649
3000000000,3300000000,6251321534,318,4820059312,0.0001202,0.0006218,0.00388,0.0004549,0.0008411,0.0006218,0,0.0001621,0.002663,0,2.468,,0,0,0.0001125
3300000000,3600000000,6251321534,0,1270519,0.0001125,0.0006237,0.003872,0.0002861,0.0006723,0.0006256,0,0,0.003128,7.153e-05,2.423,0.009064,0,0,8.869e-05
3300000000,3600000000,6251321534,1,8053586,0.0001078,0.000577,0.00388,0.0002861,0.0006714,0.0005789,0,0,0.002724,7.153e-05,2.284,0.007791,0,0,0.0002317
3300000000,3600000000,6251321534,3,257338229,0.0001221,0.000598,0.003872,0.0002871,0.0006723,0.0005999,0,0,0.003334,7.153e-05,2.529,0.008874,0,0,3.433e-05
3300000000,3600000000,6251321534,6,294880110,0.0001011,0.0006723,0.003773,0.0002861,0.0006714,0.0006742,0,0,0.003094,7.153e-05,2.299,0.008493,0,0,0.0001192
3300000000,3600000000,6251321534,7,351638129,0.0001297,0.0005703,0.00388,0.0002871,0.0006723,0.0005722,9.537e-07,0,0.002724,0.0002861,2.862,0.01047,0,0,7.725e-05
3300000000,3600000000,6251321534,8,6566813,0.0001354,0.0006056,0.003868,0.0002918,0.0006771,0.0006075,1.907e-06,0,0.003536,0.0005713,3.016,0.01061,0,0,2.098e-05
3300000000,3600000000,6251321534,9,4820029853,0.0001507,0.0007877,0.003876,0.0004883,0.0008745,0.0008221,0,0,0.003288,7.153e-05,2.965,,0,0,2.861e-05
3300000000,3600000000,6251321534,10,2596544968,9.727e-05,0.0005665,0.00388,0.000289,0.0006742,0.0005693,0,0,0.002697,0,2.208,0.007691,0,0,1.144e-05
3300000000,3600000000,6251321534,11,2540203,0.0001163,0.0005922,0.00388,0.0002851,0.0006714,0.0005941,9.537e-07,0,0.002811,0.0001431,2.785,0.01047,0,0,3.147e-05
3300000000,3600000000,6251321534,12,16917224,0.0001211,0.0006475,0.003872,0.0002947,0.0006809,0.0006485,0,0,0.003639,7.153e-05,2.547,0.008843,0,0,8.583e-06
3300000000,3600000000,6251321534,13,7781389,0.0001135,0.0006094,0.003872,0.0002909,0.0006762,0.0006113,9.537e-07,0,0.004646,0.0001431,2.816,0.009782,0,0,0.0001421
3300000000,3600000000,6251321534,84,4820212398,0.000123,0.0006733,0.00388,0.000782,0.001167,0.0006771,0,0.0001612,0.004234,7.153e-05,2.583,,0,0,9.346e-05
3300000000,3600000000,6251321534,86,1436501926,0.0001469,0.0005903,0.003872,0.000289,0.0006742,0.0005922,1.907e-06,0,0.004066,0.0005713,2.711,0.009046,0,0,4.292e-05
3300000000,3600000000,6251321534,179,4820429618,0.0001183,0.0006123,0.003876,0.0003281,0.0007143,0.0006161,0,0.0002394,0.003906,7.153e-05,3.445,,0,0,5.627e-05
3300000000,3600000000,6251321534,185,4820094424,0.03668,0.005814,0.007324,0.002136,0.002193,0.01147,0.0121,8.678e-05,0.06848,0.04962,1.254,,0,0,0.0506
3300000000,3600000000,6251321534,199,257335555,0.039,0.004868,0.006622,0.001453,0.001516,0.005173,0.003311,9.918e-05,0.0567,0.03595,1.104,0.0001145,0,0,0.03351
3300000000,3600000000,6251321534,318,4820059312,0.0001211,0.0006218,0.00388,0.0004549,0.0008411,0.0006237,0,0.0001621,0.004875,7.153e-05,2.903,,0,0,5.722e-05
3600000000,3900000000,6251321534,0,1270519,0.0001125,0.0006256,0.003872,0.0002861,0.0006723,0.0006285,9.537e-07,0,0.003628,7.153e-05,2.766,0.01081,0,0,1.621e-05
3600000000,3900000000,6251321534,1,8053586,0.0001097,0.000576,0.00388,0.0002861,0.0006714,0.000577,0,0,0.002735,0,2.286,0.007663,0,0,0.0003595
3600000000,3900000000,6251321534,3,257338229,0.0001335,0.000597,0.003872,0.0002871,0.0006723,0.000597,0,0,0.004036,0,2.619,0.008801,0,0,6.771e-05
3600000000,3900000000,6251321534,6,294880110,0.000104,0.0006714,0.003773,0.0002861,0.0006714,0.0006723,0,0,0.002621,0,2.366,0.008859,0,0,7.629e-05
3600000000,3900000000,6251321534,7,351638129,0.0001316,0.0005693,0.00388,0.0002871,0.0006733,0.0005722,0,0,0.001907,0,2.537,0.00915,0,0,0.0001955
3600000000,3900000000,6251321534,8,6566813,0.0001354,0.0006065,0.003868,0.0002918,0.0006771,0.0006094,0,0,0.003284,7.153e-05,2.681,0.008829,0,0,4.768e-06
3600000000,3900000000,6251321534,9,4820029853,0.0001507,0.0008049,0.003872,0.0007582,0.001144,0.000824,0,0,0.003311,0,3.218,,0,0,0.0001745
3600000000,3900000000,6251321534,10,2596544968,0.0001001,0.0005674,0.00388,0.000289,0.0006742,0.0005684,0,0,0.002888,7.153e-05,2.95,0.01092,0,0,2.861e-06
3600000000,3900000000,6251321534,11,2540203,0.0001106,0.0005903,0.00388,0.0002851,0.0006714,0.0005903,0,0,0.002724,0,2.444,0.008528,0,0,3.338e-05
3600000000,3900000000,6251321534,12,16917224,0.0001297,0.0006456,0.003872,0.0002947,0.0006809,0.0006466,0,0,0.003666,0,2.913,0.01001,0,0,0.0002241
3600000000,3900000000,6251321534,13,7781389,0.0001202,0.0006084,0.003872,0.0002899,0.0006762,0.0006104,0,0,0.003368,7.153e-05,2.797,0.009171,0,0,5.913e-05
3600000000,3900000000,6251321534,84,4820212398,0.0001259,0.0006723,0.00388,0.000782,0.001169,0.0006762,9.537e-07,0.0001612,0.003628,7.153e-05,2.99,,0,0,3.147e-05
3600000000,3900000000,6251321534,86,1436501926,0.0001497,0.0005913,0.003872,0.000289,0.0006742,0.0005941,0,0,0.004318,7.153e-05,2.738,0.008868,0,0,0.000452
3600000000,3900000000,6251321534,179,4820429618,0.0001163,0.0006123,0.003876,0.000329,0.0007143,0.0006142,0,0.0002394,0.002693,7.153e-05,2.436,,0,0,1.526e-05
3600000000,3900000000,6251321534,185,4820094424,0.02554,0.01111,0.01326,0.007172,0.007256,0.01541,0.02197,5.15e-05,0.05756,0.08618,1.338,,0,0,0.0415
3600000000,3900000000,6251321534,199,257335555,0.03845,0.007065,0.009003,0.003342,0.003403,0.01453,0.01157,8.202e-05,0.05518,0.05554,1.084,0.0001642,0,0,0.03925
3600000000,3900000000,6251321534,318,4820059312,0.0001221,0.0006218,0.00388,0.0004559,0.0008411,0.0006218,0,0.0001621,0.003105,0,2.623,,0,0,3.91e-05
3900000000,4034000000,6251321534,0,1270519,0.0001402,0.0006256,0.003872,0.0002861,0.0006723,0.0006266,2.861e-05,0,0.00518,0.003284,2.408,0.008968,0,0,2.003e-05
3900000000,4034000000,6251321534,1,8053586,0.0001373,0.000577,0.00388,0.0002851,0.0006714,0.0005789,2.766e-05,0,0.007553,0.002785,2.364,0.007637,0,0,4.864e-05
3900000000,4035000000,6251321534,3,257338229,0.0001926,0.0005999,0.003872,0.0002899,0.0006733,0.0007057,4.005e-05,0,0.02933,0.003571,2.92,0.01008,0,0,0.0001011
3900000000,4035000000,6251321534,6,294880110,0.0001497,0.0006733,0.003773,0.000288,0.0006714,0.0007992,2.193e-05,0,0.007362,0.002357,2.292,0.008628,0,0,0.000124
3900000000,4035000000,6251321534,7,351638129,0.0001831,0.0005713,0.00388,0.0002899,0.0006733,0.00068,2.956e-05,0,0.009293,0.002857,2.589,0.009523,0,0,0.0001259
3900000000,4035000000,6251321534,8,6566813,0.0001783,0.0006104,0.003868,0.0002947,0.0006781,0.0007086,2.384e-05,0,0.007637,0.001858,2.684,0.009016,0,0,1.717e-05
3900000000,4036000000,6251321534,9,4820029853,0.0002384,0.0008106,0.003872,0.0009403,0.001328,0.0009537,0.0003223,0,0.007843,0.01843,2.983,,0,0,0.0001278
3900000000,4035000000,6251321534,10,2596544968,0.0001497,0.0005713,0.00388,0.0002918,0.0006742,0.0006809,2.48e-05,0,0.004852,0.001715,2.314,0.007386,0,0,3.147e-05
3900000000,4035000000,6251321534,11,2540203,0.0001507,0.0005932,0.00388,0.000288,0.0006714,0.0007229,3.147e-05,0,0.006027,0.003571,2.377,0.008507,0,0,0.000248
3900000000,4036000000,6251321534,12,16917224,0.0002098,0.0006504,0.003872,0.0002975,0.0006809,0.0007486,2.384e-05,0,0.01605,0.001999,3.517,0.01193,0,0,7.915e-05
3900000000,4035000000,6251321534,13,7781389,0.0001583,0.0006094,0.003872,0.0002899,0.0006762,0.0007162,3.529e-05,0,0.02121,0.003284,2.903,0.009958,0,0,1.144e-05
3900000000,4034000000,6251321534,84,4820212398,0.0001421,0.0006723,0.00388,0.0007849,0.001169,0.0006742,1.049e-05,0.0001612,0.006111,0.001358,3.876,,0,0,8.583e-05
3900000000,4036000000,6251321534,86,1436501926,0.0002241,0.0005951,0.003872,0.0002909,0.0006742,0.0007238,2.48e-05,0,0.01334,0.002071,2.945,0.009607,0,0,6.485e-05
3900000000,4034000000,6251321534,179,4820429618,0.0001221,0.0006123,0.003876,0.0003319,0.0007153,0.0006142,0.0001059,0.0002394,0.002827,0.01151,3.405,,0,0,0.0003452
3900000000,4038000000,6251321534,185,4820094424,0.006927,0.006226,0.007446,0.004166,0.004272,0.009277,0.01682,4.864e-05,0.01886,0.07092,3.542,,0,0,0.001738
3900000000,4056000000,6251321534,199,257335555,0.03204,0.01636,0.01801,0.01227,0.01236,0.01926,0.0217,5.054e-05,0.08472,0.09363,1.16,0.0007665,0,0,0.03638
3900000000,4035000000,6251321534,318,4820059312,0.0001926,0.0006247,0.00388,0.0004549,0.0008421,0.0007324,9.06e-05,0.0001621,0.007614,0.01129,3.14,,0,0,9.918e-05
4034000000,4051000000,6251321534,0,1270519,0.0001602,0,0,0,0,0,3.815e-06,0,0.002724,7.153e-05,2.407,0.009,0,0,0
4034000000,4044000000,6251321534,1,8053586,0.0002604,0,0,0,0,0,0,0,0.002605,0,2.309,0.007417,0,0,0
4034000000,4048000000,6251321534,84,4820212398,0.0001125,0,0,0,0,0,3.815e-06,0.0001612,0.001572,1.431e-05,2.658,,0,0,0
4034000000,4043000000,6251321534,179,4820429618,0.0002832,0,0,0,0,0,0,0.0002394,0.002548,0,2.514,,0,0,0
4035000000,4049000000,6251321534,3,257338229,0.0003633,0,0,0,0,0,0,0,0.005089,0,27.66,0.1278,0,0,0
4035000000,4049000000,6251321534,6,294880110,6.39e-05,0,0,0,0,0,0,0,0.0008984,0,2.268,0.008465,0,0,0
4035000000,4046000000,6251321534,7,351638129,0.0002022,0,0,0,0,0,6.676e-06,0,0.002224,7.153e-05,2.66,0.009851,0,0,0
4035000000,4051000000,6251321534,8,6566813,0.0001278,0,0,0,0,0,8.583e-06,0,0.002048,0.0001431,2.75,0.009343,0,0,0
4035000000,4048000000,6251321534,10,2596544968,0.0001631,0,0,0,0,0,0,0,0.002121,0,2.411,0.00777,0,0,0
4035000000,4051000000,6251321534,11,2540203,5.627e-05,0,0,0,0,0,0,0,0.0008955,0,2.443,0.008895,0,0,0
4035000000,4050000000,6251321534,13,7781389,0.0001926,0,0,0,0,0,0,0,0.001448,0,2.702,0.008553,0,0,0
4035000000,4051000000,6251321534,318,4820059312,0.0001621,1.526e-05,0,4.482e-05,4.482e-05,0.0002403,7.629e-06,0.0001621,0.002594,7.153e-05,2.413,,0,0,0
4036000000,4050000000,6251321534,9,4820029853,0.0003357,6.676e-05,0,0.000104,0.000104,0.0004702,0,0,0.00235,0,2.977,,0,0,0
4036000000,4049000000,6251321534,12,16917224,9.823e-05,0,0,0,0,0,6.008e-05,0,0.001274,0.0007858,2.589,0.006463,0,0,0
4036000000,4053000000,6251321534,86,1436501926,7.629e-05,0,0,0,0,0,0,0,0.001295,0,3.039,0.01027,0,0,0
4038000000,4053000000,6251321534,185,4820094424,0.0003233,0,0,0,0,0,3.815e-06,9.537e-07,0.004852,1.431e-05,6.361,,0,0,0
4043000000,4051000000,6251321534,179,4820429618,0,0,0,0,0,0,0,0.0001793,0,0,2.514,,0,0,0
4044000000,4045000000,6251321534,1,8053586,0,0,0,0,0,0,0,0,0,0,2.309,0.007417,0,0,0
4046000000,4047000000,6251321534,7,351638129,0,0,0,0,0,0,0,0,0,0,2.66,0.009851,0,0,0
4048000000,4049000000,6251321534,10,2596544968,0,0,0,0,0,0,0,0,0,0,2.411,0.00777,0,0,0
4048000000,4055000000,6251321534,84,4820212398,0,0,0,0,0,0,0,0.0001383,0,0,2.658,,0,0,0
4049000000,4051000000,6251321534,3,257338229,0,0,0,0,0,0,0,0,0,0,27.66,0.1278,0,0,0
4049000000,4050000000,6251321534,6,294880110,0,0,0,0,0,0,0,0,0,0,2.268,0.008465,0,0,0
4049000000,4050000000,6251321534,12,16917224,0,0,0,0,0,0,0,0,0,0,2.589,0.006463,0,0,0
4050000000,4052000000,6251321534,9,4820029853,0,0,0,0,0,0,0,0,0,0,2.977,,0,0,0
4050000000,4052000000,6251321534,13,7781389,0,0,0,0,0,0,0,0,0,0,2.702,0.008553,0,0,0
4051000000,4052000000,6251321534,0,1270519,0,0,0,0,0,0,0,0,0,0,2.407,0.009,0,0,0
4051000000,4052000000,6251321534,8,6566813,0,0,0,0,0,0,0,0,0,0,2.75,0.009343,0,0,0
4051000000,4052000000,6251321534,11,2540203,0,0,0,0,0,0,0,0,0,0,2.443,0.008895,0,0,0
4051000000,4056000000,6251321534,318,4820059312,0,0,0,0,0,0,0,9.823e-05,0,0,2.413,,0,0,0
4053000000,4054000000,6251321534,86,1436501926,0,0,0,0,0,0,0,0,0,0,3.039,0.01027,0,0,0
4053000000,4058000000,6251321534,185,4820094424,0,0,0,0,0,0,0,9.537e-07,0,0,9.055,,0,0,0
4056000000,4058000000,6251321534,199,257335555,0.01262,0.01801,0.01935,0.01529,0.01535,0.01804,0.02063,5.15e-05,0.0423,0.03259,1.692,0.003138,0,0,0.006523
4058000000,4072000000,6251321534,199,257335555,0.001274,0.0101,0.01627,0.009308,0.009308,0.01448,7.629e-05,5.15e-05,0.01785,0.0007143,2.496,0.005268,0,0,0
4072000000,4075000000,6251321534,199,257335555,0,0.001333,0.006744,0.0004129,0.0004129,0.002911,3.529e-05,1.717e-05,0,7.153e-05,4.205,0.009803,0,0,0
